oud adres,nieuw adres,toelichting
https://thewineandfoodacademy.com/faqs/,https://italianwineandfoodacademy.com/faq/,specifiek
https://thewineandfoodacademy.com/inschrijf-voorwaarden/,https://italianwineandfoodacademy.com/algemene-voorwaarden/,specifiek
https://thewineandfoodacademy.com/algemene-voorwaarden-consumenten-voor-particulier-onderwijs-en-opleidingen/,https://italianwineandfoodacademy.com/algemene-voorwaarden/,specifiek
https://thewineandfoodacademy.com/product/regiocursus/,https://italianwineandfoodacademy.com/opleidingen/#kook,specifiek
https://thewineandfoodacademy.com/utrecht/,https://italianwineandfoodacademy.com/opleidingen/,specifiek
https://thewineandfoodacademy.com/rotterdam/,https://italianwineandfoodacademy.com/opleidingen/,specifiek
https://thewineandfoodacademy.com/eindhoven/,https://italianwineandfoodacademy.com/opleidingen/,specifiek
https://thewineandfoodacademy.com/den-haag/,https://italianwineandfoodacademy.com/opleidingen/,specifiek
https://thewineandfoodacademy.com/den-bosch/,https://italianwineandfoodacademy.com/opleidingen/,specifiek
https://thewineandfoodacademy.com/breda/,https://italianwineandfoodacademy.com/opleidingen/,specifiek
https://thewineandfoodacademy.com/amsterdam-2/,https://italianwineandfoodacademy.com/opleidingen/,specifiek
https://thewineandfoodacademy.com/amstelveen/,https://italianwineandfoodacademy.com/opleidingen/,specifiek
https://thewineandfoodacademy.com/locaties/,https://italianwineandfoodacademy.com/kookstudio/,specifiek
https://thewineandfoodacademy.com/amsterdam-oost/,https://italianwineandfoodacademy.com/kookstudio/,specifiek
https://thewineandfoodacademy.com/zeist/,https://italianwineandfoodacademy.com/kookstudio/,specifiek
https://thewineandfoodacademy.com/spijs-opleidingen/,https://italianwineandfoodacademy.com/opleidingen/#kook,specifiek
https://thewineandfoodacademy.com/wijnopleidingen/,https://italianwineandfoodacademy.com/opleidingen/#wijn,specifiek
https://thewineandfoodacademy.com/inspiratie/,https://italianwineandfoodacademy.com/streken/,specifiek
https://thewineandfoodacademy.com/5-culinaire-trends-voor-2025/,https://italianwineandfoodacademy.com/streken/,specifiek
https://thewineandfoodacademy.com/examen/,https://italianwineandfoodacademy.com/product/opleiding-italiaanse-gastronomie/,specifiek
https://thewineandfoodacademy.com/examens/,https://italianwineandfoodacademy.com/product/opleiding-italiaanse-gastronomie/,specifiek
https://thewineandfoodacademy.com/groepstraining/,https://italianwineandfoodacademy.com/contact/,specifiek
https://thewineandfoodacademy.com/slim-budget/,https://italianwineandfoodacademy.com/faq/,specifiek
https://thewineandfoodacademy.com/slim-budget-aanmelding/,https://italianwineandfoodacademy.com/faq/,specifiek
https://thewineandfoodacademy.com/confirmation-page/,https://italianwineandfoodacademy.com/,specifiek
https://thewineandfoodacademy.com/bedankt-contactformulier/,https://italianwineandfoodacademy.com/,specifiek
https://thewineandfoodacademy.com/nieuwsbrief/,https://italianwineandfoodacademy.com/,specifiek
https://thewineandfoodacademy.com/wilco-van-den-baar/,https://italianwineandfoodacademy.com/docenten/,specifiek
https://thewineandfoodacademy.com/niels-van-laatum/,https://italianwineandfoodacademy.com/docenten/,specifiek
https://thewineandfoodacademy.com/ling-wu/,https://italianwineandfoodacademy.com/docenten/,specifiek
https://thewineandfoodacademy.com/gina-botta/,https://italianwineandfoodacademy.com/docenten/,specifiek
https://thewineandfoodacademy.com/lambert-manden/,https://italianwineandfoodacademy.com/docenten/,specifiek
https://thewineandfoodacademy.com/arjan-van-der-bos/,https://italianwineandfoodacademy.com/docenten/,specifiek
https://thewineandfoodacademy.com/hugo-bos/,https://italianwineandfoodacademy.com/docenten/,specifiek
https://thewineandfoodacademy.com/tiziano-capasso/,https://italianwineandfoodacademy.com/docenten/,specifiek
https://thewineandfoodacademy.com/liseth-aling/,https://italianwineandfoodacademy.com/docenten/,specifiek
https://thewineandfoodacademy.com/maarten-van-de-mullen/,https://italianwineandfoodacademy.com/docenten/,specifiek
https://thewineandfoodacademy.com/jeroen-van-mierlo/,https://italianwineandfoodacademy.com/docenten/,specifiek
https://thewineandfoodacademy.com/wijn-spijs-experiment/,https://italianwineandfoodacademy.com/streken/,specifiek
https://thewineandfoodacademy.com/indeling-van-smaken/,https://italianwineandfoodacademy.com/streken/,specifiek
https://thewineandfoodacademy.com/wijnproeven/,https://italianwineandfoodacademy.com/barolo/,specifiek
https://thewineandfoodacademy.com/pastadeeg-maken/,https://italianwineandfoodacademy.com/product/pasta-fresca/,specifiek
https://thewineandfoodacademy.com/maak-jij-met-kerst-de-perfecte-wijn-spijs-combinaties/,https://italianwineandfoodacademy.com/product/italiaanse-wijn-en-spijs/,specifiek
https://thewineandfoodacademy.com/wijnopleidingen-kookcursussen/,https://italianwineandfoodacademy.com/opleidingen/,specifiek
https://thewineandfoodacademy.com/shop/,https://italianwineandfoodacademy.com/opleidingen/,specifiek
"overige adressen (bv. /opleidingen/, /product/pasta-fresca/, /piemonte/)",https://italianwineandfoodacademy.com/<zelfde pad>,vangnet
https://thewineandfoodacademy.com/wp-admin…,(blijft op het oude domein),leeromgeving/betalen/WordPress
https://thewineandfoodacademy.com/wp-login.php…,(blijft op het oude domein),leeromgeving/betalen/WordPress
https://thewineandfoodacademy.com/wp-json…,(blijft op het oude domein),leeromgeving/betalen/WordPress
https://thewineandfoodacademy.com/wp-content…,(blijft op het oude domein),leeromgeving/betalen/WordPress
https://thewineandfoodacademy.com/wp-includes…,(blijft op het oude domein),leeromgeving/betalen/WordPress
https://thewineandfoodacademy.com/wp-cron.php…,(blijft op het oude domein),leeromgeving/betalen/WordPress
https://thewineandfoodacademy.com/xmlrpc.php…,(blijft op het oude domein),leeromgeving/betalen/WordPress
https://thewineandfoodacademy.com/mijn-profiel…,(blijft op het oude domein),leeromgeving/betalen/WordPress
https://thewineandfoodacademy.com/my-account…,(blijft op het oude domein),leeromgeving/betalen/WordPress
https://thewineandfoodacademy.com/checkout…,(blijft op het oude domein),leeromgeving/betalen/WordPress
https://thewineandfoodacademy.com/cart…,(blijft op het oude domein),leeromgeving/betalen/WordPress
https://thewineandfoodacademy.com/courses…,(blijft op het oude domein),leeromgeving/betalen/WordPress
https://thewineandfoodacademy.com/groups…,(blijft op het oude domein),leeromgeving/betalen/WordPress
https://thewineandfoodacademy.com/members…,(blijft op het oude domein),leeromgeving/betalen/WordPress
https://thewineandfoodacademy.com/activity…,(blijft op het oude domein),leeromgeving/betalen/WordPress
https://thewineandfoodacademy.com/quizzes…,(blijft op het oude domein),leeromgeving/betalen/WordPress
https://thewineandfoodacademy.com/certificates…,(blijft op het oude domein),leeromgeving/betalen/WordPress
https://thewineandfoodacademy.com/feedback…,(blijft op het oude domein),leeromgeving/betalen/WordPress
https://thewineandfoodacademy.com/edu-dex-xml-files…,(blijft op het oude domein),leeromgeving/betalen/WordPress
https://thewineandfoodacademy.com/product/wijnproefpakket-…,(blijft op het oude domein),leeromgeving/betalen/WordPress
https://thewineandfoodacademy.com/the-wine-food-academy-event…,(blijft op het oude domein),leeromgeving/betalen/WordPress
https://thewineandfoodacademy.com/bestel-kaarten-event…,(blijft op het oude domein),leeromgeving/betalen/WordPress
