source,target,regex,code
^(/en)?/faqs/?(?:\?.*)?$,https://italianwineandfoodacademy.com/faq/,1,301
^(/en)?/inschrijf-voorwaarden/?(?:\?.*)?$,https://italianwineandfoodacademy.com/algemene-voorwaarden/,1,301
^(/en)?/algemene-voorwaarden-consumenten-voor-particulier-onderwijs-en-opleidingen/?(?:\?.*)?$,https://italianwineandfoodacademy.com/algemene-voorwaarden/,1,301
^(/en)?/product/regiocursus/?(?:\?.*)?$,https://italianwineandfoodacademy.com/opleidingen/#kook,1,301
^(/en)?/utrecht/?(?:\?.*)?$,https://italianwineandfoodacademy.com/kookstudio/,1,301
^(/en)?/rotterdam/?(?:\?.*)?$,https://italianwineandfoodacademy.com/kookstudio/,1,301
^(/en)?/eindhoven/?(?:\?.*)?$,https://italianwineandfoodacademy.com/kookstudio/,1,301
^(/en)?/den-haag/?(?:\?.*)?$,https://italianwineandfoodacademy.com/kookstudio/,1,301
^(/en)?/den-bosch/?(?:\?.*)?$,https://italianwineandfoodacademy.com/kookstudio/,1,301
^(/en)?/breda/?(?:\?.*)?$,https://italianwineandfoodacademy.com/kookstudio/,1,301
^(/en)?/amsterdam-2/?(?:\?.*)?$,https://italianwineandfoodacademy.com/kookstudio/,1,301
^(/en)?/amstelveen/?(?:\?.*)?$,https://italianwineandfoodacademy.com/kookstudio/,1,301
^(/en)?/locaties/?(?:\?.*)?$,https://italianwineandfoodacademy.com/kookstudio/,1,301
^(/en)?/amsterdam-oost/?(?:\?.*)?$,https://italianwineandfoodacademy.com/kookstudio/,1,301
^(/en)?/zeist/?(?:\?.*)?$,https://italianwineandfoodacademy.com/kookstudio/,1,301
^(/en)?/spijs-opleidingen/?(?:\?.*)?$,https://italianwineandfoodacademy.com/opleidingen/#kook,1,301
^(/en)?/wijnopleidingen/?(?:\?.*)?$,https://italianwineandfoodacademy.com/opleidingen/#wijn,1,301
^(/en)?/inspiratie/?(?:\?.*)?$,https://italianwineandfoodacademy.com/streken/,1,301
^(/en)?/5-culinaire-trends-voor-2025/?(?:\?.*)?$,https://italianwineandfoodacademy.com/streken/,1,301
^(/en)?/examen/?(?:\?.*)?$,https://italianwineandfoodacademy.com/product/opleiding-italiaanse-gastronomie/,1,301
^(/en)?/examens/?(?:\?.*)?$,https://italianwineandfoodacademy.com/product/opleiding-italiaanse-gastronomie/,1,301
^(/en)?/groepstraining/?(?:\?.*)?$,https://italianwineandfoodacademy.com/contact/,1,301
^(/en)?/slim-budget/?(?:\?.*)?$,https://italianwineandfoodacademy.com/faq/,1,301
^(/en)?/slim-budget-aanmelding/?(?:\?.*)?$,https://italianwineandfoodacademy.com/faq/,1,301
^(/en)?/confirmation-page/?(?:\?.*)?$,https://italianwineandfoodacademy.com/,1,301
^(/en)?/bedankt-contactformulier/?(?:\?.*)?$,https://italianwineandfoodacademy.com/,1,301
^(/en)?/wilco-van-den-baar/?(?:\?.*)?$,https://italianwineandfoodacademy.com/docenten/,1,301
^(/en)?/niels-van-laatum/?(?:\?.*)?$,https://italianwineandfoodacademy.com/docenten/,1,301
^(/en)?/ling-wu/?(?:\?.*)?$,https://italianwineandfoodacademy.com/docenten/,1,301
^(/en)?/gina-botta/?(?:\?.*)?$,https://italianwineandfoodacademy.com/docenten/,1,301
^(/en)?/lambert-manden/?(?:\?.*)?$,https://italianwineandfoodacademy.com/docenten/,1,301
^(/en)?/arjan-van-der-bos/?(?:\?.*)?$,https://italianwineandfoodacademy.com/docenten/,1,301
^(/en)?/hugo-bos/?(?:\?.*)?$,https://italianwineandfoodacademy.com/docenten/,1,301
^(/en)?/tiziano-capasso/?(?:\?.*)?$,https://italianwineandfoodacademy.com/docenten/,1,301
^(/en)?/liseth-aling/?(?:\?.*)?$,https://italianwineandfoodacademy.com/docenten/,1,301
^(/en)?/maarten-van-de-mullen/?(?:\?.*)?$,https://italianwineandfoodacademy.com/docenten/,1,301
^(/en)?/jeroen-van-mierlo/?(?:\?.*)?$,https://italianwineandfoodacademy.com/docenten/,1,301
^(/en)?/wijn-spijs-experiment/?(?:\?.*)?$,https://italianwineandfoodacademy.com/streken/,1,301
^(/en)?/indeling-van-smaken/?(?:\?.*)?$,https://italianwineandfoodacademy.com/streken/,1,301
^(/en)?/wijnproeven/?(?:\?.*)?$,https://italianwineandfoodacademy.com/barolo/,1,301
^(/en)?/pastadeeg-maken/?(?:\?.*)?$,https://italianwineandfoodacademy.com/product/pasta-fresca/,1,301
^(/en)?/maak-jij-met-kerst-de-perfecte-wijn-spijs-combinaties/?(?:\?.*)?$,https://italianwineandfoodacademy.com/product/italiaanse-wijn-en-spijs/,1,301
^(/en)?/wijnopleidingen-kookcursussen/?(?:\?.*)?$,https://italianwineandfoodacademy.com/opleidingen/,1,301
^(/en)?/shop/?(?:\?.*)?$,https://italianwineandfoodacademy.com/opleidingen/,1,301
^(/en)?/(product-category|category|tag|author)/.*,https://italianwineandfoodacademy.com/opleidingen/,1,301
^/en/?(?:\?.*)?$,https://italianwineandfoodacademy.com/,1,301
^/en/(?!(?:wp-|xmlrpc\.php|\.well-known|wc-api|wc-auth|\?(?!(?:utm_|gclid|fbclid|gad_|_gl|mc_))|mijn-profiel|my-account|checkout|cart|courses|groups|quizzes|certificates|learning-type|sfwd-|ld-|members|activity|feedback|edu-dex-xml-files|product/wijnproefpakket-|the-wine-food-academy-event|bestel-kaarten-event))(.*)$,https://italianwineandfoodacademy.com/$1,1,301
^/(?!(?:en(?:/|$)|wp-|xmlrpc\.php|\.well-known|wc-api|wc-auth|\?(?!(?:utm_|gclid|fbclid|gad_|_gl|mc_))|mijn-profiel|my-account|checkout|cart|courses|groups|quizzes|certificates|learning-type|sfwd-|ld-|members|activity|feedback|edu-dex-xml-files|product/wijnproefpakket-|the-wine-food-academy-event|bestel-kaarten-event))(.*)$,https://italianwineandfoodacademy.com/$1,1,301
